[
  {
    "value": "green lantern",
    "synonyms": [
      "green lantern"
    ]
  },
  {
    "value": "man on the moon",
    "synonyms": [
      "man on the moon"
    ]
  },
  {
    "value": "the greatest showman?",
    "synonyms": [
      "the greatest showman?"
    ]
  },
  {
    "value": "mama mia",
    "synonyms": [
      "mama mia"
    ]
  },
  {
    "value": "titanic",
    "synonyms": [
      "titanic"
    ]
  },
  {
    "value": "Spider man",
    "synonyms": [
      "Spider man"
    ]
  },
  {
    "value": "the truman show",
    "synonyms": [
      "the truman show"
    ]
  },
  {
    "value": "the giver",
    "synonyms": [
      "the giver"
    ]
  }
]