[
  {
    "id": "bdbf30cf-8c18-43ac-b70a-d8efa51bf9ce",
    "data": [
      {
        "text": "what do you do?",
        "userDefined": false
      }
    ],
    "isTemplate": false,
    "count": 0,
    "updated": 1541519256
  },
  {
    "id": "b7362b56-af1c-4409-919f-14cb54a73fe5",
    "data": [
      {
        "text": "hey",
        "userDefined": false
      }
    ],
    "isTemplate": false,
    "count": 0,
    "updated": 0
  },
  {
    "id": "90b9aea7-7ce3-4e42-b57f-f4252cd6da4d",
    "data": [
      {
        "text": "bien le bonjour",
        "userDefined": false
      }
    ],
    "isTemplate": false,
    "count": 0,
    "updated": 1541509749
  },
  {
    "id": "ba50112f-c807-485b-b47a-cf6d0b2b80a1",
    "data": [
      {
        "text": "salutations",
        "userDefined": false
      }
    ],
    "isTemplate": false,
    "count": 0,
    "updated": 1541509749
  },
  {
    "id": "f02f1d54-21e1-49a7-9849-1f3df772695f",
    "data": [
      {
        "text": "bonsoir",
        "userDefined": false
      }
    ],
    "isTemplate": false,
    "count": 0,
    "updated": 1541509749
  },
  {
    "id": "d046cab4-3a93-4a63-bf3a-2721bbbc9cf2",
    "data": [
      {
        "text": "coucou",
        "userDefined": false
      }
    ],
    "isTemplate": false,
    "count": 0,
    "updated": 1541509749
  },
  {
    "id": "04b6328e-9bc9-450e-8096-b57a9345545a",
    "data": [
      {
        "text": "salut",
        "userDefined": false
      }
    ],
    "isTemplate": false,
    "count": 0,
    "updated": 1541509749
  },
  {
    "id": "cf0d3c63-80c8-445c-b469-f6bb94beb77c",
    "data": [
      {
        "text": "bonjour",
        "userDefined": false
      }
    ],
    "isTemplate": false,
    "count": 0,
    "updated": 1541509749
  },
  {
    "id": "dd34d032-e761-4651-a5c4-09a5e20d0cd2",
    "data": [
      {
        "text": "just going to say hi",
        "userDefined": false
      }
    ],
    "isTemplate": false,
    "count": 0,
    "updated": 0
  },
  {
    "id": "1705a990-1105-4f9a-81e2-a3865ed84849",
    "data": [
      {
        "text": "heya",
        "userDefined": false
      }
    ],
    "isTemplate": false,
    "count": 0,
    "updated": 0
  },
  {
    "id": "e965e0b2-4c79-424c-903e-871cbb2492b5",
    "data": [
      {
        "text": "hello hi",
        "userDefined": false
      }
    ],
    "isTemplate": false,
    "count": 0,
    "updated": 0
  },
  {
    "id": "76cdb14c-b05f-4fcc-9947-5a86056d50b1",
    "data": [
      {
        "text": "howdy",
        "userDefined": false
      }
    ],
    "isTemplate": false,
    "count": 0,
    "updated": 0
  },
  {
    "id": "531adeb9-2da5-4e97-b2b7-2964d489931f",
    "data": [
      {
        "text": "hey there",
        "userDefined": false
      }
    ],
    "isTemplate": false,
    "count": 0,
    "updated": 0
  },
  {
    "id": "da4200ba-b40d-494c-b2a3-e2003ad1fc75",
    "data": [
      {
        "text": "hi there",
        "userDefined": false
      }
    ],
    "isTemplate": false,
    "count": 1,
    "updated": 0
  },
  {
    "id": "9258d10b-a7ed-4673-88a1-3cafc63c050f",
    "data": [
      {
        "text": "greetings",
        "userDefined": false
      }
    ],
    "isTemplate": false,
    "count": 1,
    "updated": 0
  },
  {
    "id": "599bcf81-e297-43b6-888c-9523b75b1d0c",
    "data": [
      {
        "text": "long time no see",
        "userDefined": false
      }
    ],
    "isTemplate": false,
    "count": 0,
    "updated": 0
  },
  {
    "id": "08009c0a-5733-4a16-9aa8-c71cebdf190f",
    "data": [
      {
        "text": "hello",
        "userDefined": false
      }
    ],
    "isTemplate": false,
    "count": 0,
    "updated": 0
  },
  {
    "id": "b85d9923-7450-45e0-b38c-fc80e50be5de",
    "data": [
      {
        "text": "lovely day isn\u0027t it",
        "userDefined": false
      }
    ],
    "isTemplate": false,
    "count": 0,
    "updated": 0
  },
  {
    "id": "1ce95cd5-ca2c-48cc-8ed5-39fb8a7c9eba",
    "data": [
      {
        "text": "I greet you",
        "userDefined": false
      }
    ],
    "isTemplate": false,
    "count": 0,
    "updated": 0
  },
  {
    "id": "1ef41c34-4754-4877-9c38-91a8e35502d8",
    "data": [
      {
        "text": "hello again",
        "userDefined": false
      }
    ],
    "isTemplate": false,
    "count": 0,
    "updated": 0
  },
  {
    "id": "20694b4f-2aeb-40b8-ac40-809e7a3c2b2d",
    "data": [
      {
        "text": "hi",
        "userDefined": false
      }
    ],
    "isTemplate": false,
    "count": 0,
    "updated": 0
  },
  {
    "id": "5fb32509-363d-4d92-aad7-573ae3502709",
    "data": [
      {
        "text": "hello there",
        "userDefined": false
      }
    ],
    "isTemplate": false,
    "count": 0,
    "updated": 0
  },
  {
    "id": "2fd729c5-dab1-489a-9709-0064a387da90",
    "data": [
      {
        "text": "a good day",
        "userDefined": false
      }
    ],
    "isTemplate": false,
    "count": 0,
    "updated": 0
  }
]