[
  {
    "id": "0afb6c53-c342-4753-96e7-05777a71cf08",
    "data": [
      {
        "text": "what about ",
        "userDefined": false
      },
      {
        "text": "batman",
        "alias": "movie-title",
        "meta": "@movie-title",
        "userDefined": true
      },
      {
        "text": "?",
        "userDefined": false
      }
    ],
    "isTemplate": false,
    "count": 0,
    "updated": 1541525867
  },
  {
    "id": "124fa62e-b62f-467a-94d6-3cb33c6da824",
    "data": [
      {
        "text": "info please",
        "userDefined": false
      }
    ],
    "isTemplate": false,
    "count": 1,
    "updated": 1541519236
  },
  {
    "id": "ffca19c0-df09-42a6-b708-79fc24ab331c",
    "data": [
      {
        "text": "tell me something",
        "userDefined": false
      }
    ],
    "isTemplate": false,
    "count": 0,
    "updated": 1541519236
  },
  {
    "id": "a75f2134-6cc8-445e-b44c-685a49ee5556",
    "data": [
      {
        "text": "can you tell me something?",
        "userDefined": false
      }
    ],
    "isTemplate": false,
    "count": 0,
    "updated": 1541519236
  },
  {
    "id": "eb703357-69f8-4bcc-aa41-42a621c1a3ec",
    "data": [
      {
        "text": "do you know ",
        "userDefined": false
      },
      {
        "text": "the giver",
        "alias": "movie-title",
        "meta": "@movie-title",
        "userDefined": true
      },
      {
        "text": "?",
        "userDefined": false
      }
    ],
    "isTemplate": false,
    "count": 0,
    "updated": 1541512531
  },
  {
    "id": "7300a743-3475-4f3a-8ff3-fdacc32acf3d",
    "data": [
      {
        "text": "do you know ",
        "userDefined": false
      },
      {
        "text": "the truman show",
        "alias": "movie-title",
        "meta": "@movie-title",
        "userDefined": true
      },
      {
        "text": "?",
        "userDefined": false
      }
    ],
    "isTemplate": false,
    "count": 0,
    "updated": 1541512531
  },
  {
    "id": "3d4c2fc6-16d7-4fca-8d5e-789c13a60833",
    "data": [
      {
        "text": "what about ",
        "userDefined": false
      },
      {
        "text": "man on the moon",
        "alias": "movie-title",
        "meta": "@movie-title",
        "userDefined": true
      },
      {
        "text": "?",
        "userDefined": false
      }
    ],
    "isTemplate": false,
    "count": 0,
    "updated": 1541511710
  },
  {
    "id": "7292ba37-8d89-4fc0-b86a-0ea5af3030cb",
    "data": [
      {
        "text": "what is ",
        "userDefined": false
      },
      {
        "text": "green lantern",
        "alias": "movie-title",
        "meta": "@movie-title",
        "userDefined": true
      },
      {
        "text": "?",
        "userDefined": false
      }
    ],
    "isTemplate": false,
    "count": 0,
    "updated": 1541511710
  },
  {
    "id": "8c4ab8da-4e10-4fe6-9eab-edbc7579726a",
    "data": [
      {
        "text": "I want some info on ",
        "userDefined": false
      },
      {
        "text": "titanic",
        "alias": "movie-title",
        "meta": "@movie-title",
        "userDefined": true
      }
    ],
    "isTemplate": false,
    "count": 0,
    "updated": 1541511710
  },
  {
    "id": "1d3353f4-56ad-42bc-a448-03c17f3ab7d0",
    "data": [
      {
        "text": "do you know ",
        "userDefined": false
      },
      {
        "text": "the greatest showman",
        "alias": "movie-title",
        "meta": "@movie-title",
        "userDefined": true
      },
      {
        "text": "?",
        "userDefined": false
      }
    ],
    "isTemplate": false,
    "count": 0,
    "updated": 1541525867
  },
  {
    "id": "05b68383-0142-434e-9aa5-0b6f1a4b8620",
    "data": [
      {
        "text": "what can you tell me about ",
        "userDefined": false
      },
      {
        "text": "mama mia",
        "alias": "movie-title",
        "meta": "@movie-title",
        "userDefined": true
      },
      {
        "text": "?",
        "userDefined": false
      }
    ],
    "isTemplate": false,
    "count": 0,
    "updated": 1541511710
  },
  {
    "id": "403e255f-56ec-4405-a61f-ffa7a9e4400a",
    "data": [
      {
        "text": "tell me something about ",
        "userDefined": false
      },
      {
        "text": "Spider man",
        "alias": "movie-title",
        "meta": "@movie-title",
        "userDefined": true
      }
    ],
    "isTemplate": false,
    "count": 0,
    "updated": 1541517627
  }
]